Geophone sensor,,Piezoelectric,,
5064.2,Start Time: 26933,3982.72,Same time interval,
158.02,Finish Time: 38376,4098.77,,
39.51,,4096.3,,
39.51,,4098.77,,
39.51,,4101.23,,
39.51,,4101.23,,
39.51,,4096.3,,
39.51,,4096.3,,Sampling Frequency (Samples/seconds)
91.36,,4096.3,,118.76256226514
158.02,,4096.3,,
158.02,,4096.3,,
88.89,,4096.3,,
79.01,,4096.3,,
39.51,,4098.77,,
19.75,,4093.83,,
-32.1,,4098.77,,
-32.1,,4098.77,,
-32.1,,4096.3,,
-32.1,,4096.3,,
-12.35,,4096.3,,
-12.35,,4096.3,,
-2.47,,4096.3,,
-2.47,,4096.3,,
39.51,,4096.3,,
22.22,,4096.3,,
39.51,,4096.3,,
39.51,,4096.3,,
39.51,,4096.3,,
-14.81,,4093.83,,
19.75,,4093.83,,
19.75,,4096.3,,
14.81,,4093.83,,
19.75,,4093.83,,
19.75,,4093.83,,
39.51,,4093.83,,
39.51,,4096.3,,
19.75,,4093.83,,
19.75,,4093.83,,
19.75,,4096.3,,
19.75,,4093.83,,
19.75,,4091.36,,
19.75,,4093.83,,
19.75,,4093.83,,
19.75,,4093.83,,
12.35,,4096.3,,
39.51,,4093.83,,
-32.1,,4093.83,,
-2.47,,4093.83,,
-2.47,,4093.83,,
19.75,,4093.83,,
19.75,,4093.83,,
19.75,,4093.83,,
19.75,,4093.83,,
19.75,,4091.36,,
19.75,,4093.83,,
19.75,,4093.83,,
19.75,,4093.83,,
19.75,,4096.3,,
19.75,,4091.36,,
19.75,,4093.83,,
19.75,,4093.83,,
19.75,,4093.83,,
19.75,,4093.83,,
19.75,,4093.83,,
19.75,,4093.83,,
19.75,,4096.3,,
19.75,,4096.3,,
22.22,,4093.83,,
19.75,,4093.83,,
19.75,,4096.3,,
14.81,,4091.36,,
14.81,,4091.36,,
19.75,,4093.83,,
-12.35,,4091.36,,
-7.41,,4091.36,,
-2.47,,4096.3,,
19.75,,4096.3,,
19.75,,4096.3,,
22.22,,4093.83,,
19.75,,4096.3,,
19.75,,4093.83,,
19.75,,4091.36,,
19.75,,4093.83,,
19.75,,4096.3,,
19.75,,4093.83,,
14.81,,4093.83,,
19.75,,4093.83,,
19.75,,4096.3,,
19.75,,4093.83,,
19.75,,4096.3,,
19.75,,4093.83,,
19.75,,4096.3,,
19.75,,4093.83,,
19.75,,4096.3,,
19.75,,4091.36,,
19.75,,4093.83,,
19.75,,4093.83,,
19.75,,4093.83,,
19.75,,4093.83,,
19.75,,4093.83,,
19.75,,4096.3,,
19.75,,4096.3,,
14.81,,4093.83,,
19.75,,4093.83,,
19.75,,4093.83,,
19.75,,4093.83,,
-14.81,,4096.3,,
39.51,,4091.36,,
39.51,,4093.83,,
19.75,,4091.36,,
39.51,,4093.83,,
19.75,,4093.83,,
39.51,,4091.36,,
14.81,,4096.3,,
19.75,,4093.83,,
19.75,,4088.89,,
19.75,,4096.3,,
19.75,,4093.83,,
19.75,,4093.83,,
19.75,,4093.83,,
19.75,,4093.83,,
19.75,,4096.3,,
19.75,,4093.83,,
19.75,,4096.3,,
19.75,,4096.3,,
19.75,,4091.36,,
19.75,,4096.3,,
19.75,,4091.36,,
19.75,,4093.83,,
19.75,,4096.3,,
19.75,,4091.36,,
19.75,,4096.3,,
19.75,,4093.83,,
19.75,,4096.3,,
19.75,,4091.36,,
19.75,,4088.89,,
19.75,,4093.83,,
19.75,,4093.83,,
19.75,,4086.42,,
19.75,,4093.83,,
19.75,,4088.89,,
19.75,,4093.83,,
19.75,,4093.83,,
19.75,,4091.36,,
19.75,,4093.83,,
19.75,,4093.83,,
19.75,,4091.36,,
19.75,,4093.83,,
19.75,,4091.36,,
19.75,,4093.83,,
19.75,,4093.83,,
19.75,,4096.3,,
19.75,,4093.83,,
19.75,,4093.83,,
19.75,,4093.83,,
19.75,,4093.83,,
19.75,,4093.83,,
19.75,,4093.83,,
19.75,,4093.83,,
19.75,,4096.3,,
19.75,,4091.36,,
19.75,,4093.83,,
19.75,,4091.36,,
19.75,,4091.36,,
19.75,,4091.36,,
19.75,,4056.79,,
19.75,,4069.14,,
19.75,,3985.19,,
19.75,,3906.17,,
19.75,,4056.79,,
19.75,,4071.6,,
19.75,,4054.32,,
19.75,,3953.09,,
19.75,,4007.41,,
19.75,,4091.36,,
19.75,,4083.95,,
19.75,,4064.2,,
19.75,,4098.77,,
19.75,,4054.32,,
19.75,,4051.85,,
19.75,,4079.01,,
19.75,,4061.73,,
19.75,,3987.65,,
19.75,,4096.3,,
19.75,,4091.36,,
19.75,,4091.36,,
19.75,,4116.05,,
19.75,,4083.95,,
19.75,,4106.17,,
19.75,,4108.64,,
19.75,,4056.79,,
19.75,,24.69,,
19.75,,4098.77,,
19.75,,4081.48,,
19.75,,4116.05,,
19.75,,4108.64,,
19.75,,4111.11,,
19.75,,4093.83,,
19.75,,4091.36,,
19.75,,4093.83,,
19.75,,4081.48,,
19.75,,4091.36,,
19.75,,4086.42,,
19.75,,4088.89,,
19.75,,4096.3,,
19.75,,4059.26,,
19.75,,3980.25,,
19.75,,4081.48,,
19.75,,4120.99,,
19.75,,4081.48,,
19.75,,4091.36,,
19.75,,4098.77,,
19.75,,4098.77,,
19.75,,4101.23,,
19.75,,4093.83,,
19.75,,4096.3,,
19.75,,4096.3,,
19.75,,4096.3,,
19.75,,4091.36,,
19.75,,4091.36,,
19.75,,4113.58,,
19.75,,4083.95,,
-32.1,,4113.58,,
-7.41,,4118.52,,
39.51,,4120.99,,
19.75,,4120.99,,
39.51,,4118.52,,
9.88,,4120.99,,
19.75,,4120.99,,
-12.35,,4120.99,,
-4.94,,4120.99,,
-2.47,,4120.99,,
-2.47,,4120.99,,
-12.35,,4120.99,,
39.51,,4118.52,,
19.75,,4116.05,,
22.22,,4101.23,,
19.75,,4118.52,,
19.75,,4081.48,,
19.75,,4096.3,,
19.75,,4096.3,,
19.75,,4096.3,,
19.75,,4098.77,,
19.75,,4116.05,,
19.75,,4113.58,,
19.75,,4118.52,,
19.75,,4116.05,,
19.75,,4118.52,,
19.75,,4116.05,,
19.75,,4101.23,,
19.75,,4116.05,,
19.75,,4106.17,,
14.81,,4079.01,,
19.75,,4051.85,,
-12.35,,4083.95,,
-7.41,,4098.77,,
39.51,,4106.17,,
79.01,,4116.05,,
79.01,,4111.11,,
93.83,,4113.58,,
491.36,,4088.89,,
841.98,,4116.05,,
1041.98,,4116.05,,
1027.16,,4103.7,,
0,,4101.23,,
-229.63,,4113.58,,
-362.96,,4113.58,,
-592.59,,4111.11,,
-893.83,,4118.52,,
-1135.8,,4118.52,,
-1254.32,,4116.05,,
-1214.81,,4116.05,,
-150.62,,4113.58,,
7.41,,4113.58,,
343.21,,4096.3,,
686.42,,4017.28,,
1123.46,,4111.11,,
1488.89,,4019.75,,
1548.15,,4059.26,,
1120.99,,4093.83,,
-229.63,,3908.64,,
-562.96,,3980.25,,
-940.74,,3982.72,,
-1348.15,,3977.78,,
-1550.62,,3950.62,,
-1214.81,,4049.38,,
254.32,,4032.1,,
869.14,,4076.54,,
1202.47,,4096.3,,
1261.73,,4088.89,,
1111.11,,4113.58,,
740.74,,3918.52,,
197.53,,4116.05,,
-466.67,,4113.58,,
-1056.79,,4113.58,,
-1659.26,,4116.05,,
-1619.75,,4113.58,,
-624.69,,4111.11,,
876.54,,4103.7,,
1469.14,,4064.2,,
1686.42,,4064.2,,
1548.15,,4071.6,,
-229.63,,4083.95,,
-229.63,,4101.23,,
-639.51,,4096.3,,
-1254.32,,4071.6,,
-1846.91,,4081.48,,
-1651.85,,4091.36,,
214.81,,4088.89,,
738.27,,4081.48,,
985.19,,4096.3,,
1162.96,,4101.23,,
1261.73,,4091.36,,
1241.98,,4086.42,,
0,,4111.11,,
-266.67,,4111.11,,
-649.38,,4098.77,,
-1254.32,,4113.58,,
-1807.41,,4083.95,,
-1632.1,,4096.3,,
254.32,,4116.05,,
743.21,,4118.52,,
1002.47,,4120.99,,
1197.53,,4061.73,,
1241.98,,4106.17,,
1044.44,,4103.7,,
0,,4103.7,,
-353.09,,4108.64,,
-654.32,,4118.52,,
-1214.81,,4101.23,,
-1629.63,,4108.64,,
-1414.81,,4101.23,,
7.41,,4086.42,,
827.16,,4086.42,,
1004.94,,4076.54,,
1140.74,,4116.05,,
1222.22,,4111.11,,
1037.04,,4113.58,,
632.1,,4096.3,,
0,,4088.89,,
-740.74,,4093.83,,
-1254.32,,4096.3,,
-2024.69,,4098.77,,
-1923.46,,4106.17,,
7.41,,4071.6,,
560.49,,4106.17,,
869.14,,4096.3,,
1143.21,,4111.11,,
1382.72,,4009.88,,
1449.38,,4076.54,,
0,,4116.05,,
39.51,,4066.67,,
-71.6,,4066.67,,
-323.46,,4081.48,,
-819.75,,4066.67,,
-1493.83,,4066.67,,
-1965.43,,4116.05,,
7.41,,4113.58,,
86.42,,4118.52,,
395.06,,4120.99,,
748.15,,4116.05,,
1123.46,,4098.77,,
1434.57,,4116.05,,
1501.23,,4069.14,,
1185.19,,4032.1,,
0,,4061.73,,
-256.79,,4091.36,,
-483.95,,4086.42,,
-1056.79,,4118.52,,
-1688.89,,4111.11,,
-1748.15,,4113.58,,
7.41,,4118.52,,
362.96,,4116.05,,
669.14,,4116.05,,
948.15,,4116.05,,
1200,,4118.52,,
1422.22,,4116.05,,
1355.56,,4103.7,,
0,,4111.11,,
-256.79,,4088.89,,
-562.96,,4017.28,,
-1254.32,,4061.73,,
-1827.16,,4083.95,,
-1846.91,,4093.83,,
-71.6,,4101.23,,
241.98,,4086.42,,
570.37,,4096.3,,
1083.95,,4098.77,,
1577.78,,4101.23,,
1775.31,,4103.7,,
-286.42,,4120.99,,
7.41,,4116.05,,
-172.84,,4111.11,,
-562.96,,4108.64,,
-1496.3,,4113.58,,
-2202.47,,4113.58,,
244.44,,4113.58,,
88.89,,4111.11,,
395.06,,4108.64,,
871.6,,4101.23,,
1528.4,,3980.25,,
2041.98,,4098.77,,
2051.85,,4101.23,,
0,,4118.52,,
-71.6,,4120.99,,
-308.64,,4017.28,,
-879.01,,4091.36,,
-1787.65,,4002.47,,
-2609.88,,4116.05,,
-71.6,,4116.05,,
81.48,,4059.26,,
316.05,,4098.77,,
925.93,,4106.17,,
2091.36,,4116.05,,
3167.9,,4116.05,,
237.04,,4116.05,,
9.88,,4118.52,,
-32.1,,4116.05,,
-308.64,,4081.48,,
-1254.32,,4111.11,,
-2479.01,,4108.64,,
713.58,,4088.89,,
-167.9,,4111.11,,
103.7,,4106.17,,
683.95,,4101.23,,
1261.73,,4116.05,,
1577.78,,4101.23,,
1516.05,,4091.36,,
1422.22,,4113.58,,
83.95,,4113.58,,
-150.62,,4108.64,,
-785.19,,4111.11,,
-1570.37,,4111.11,,
-2182.72,,4113.58,,
254.32,,4118.52,,
98.77,,4118.52,,
237.04,,4120.99,,
681.48,,4101.23,,
1385.19,,4118.52,,
2046.91,,4120.99,,
2525.93,,4116.05,,
0,,4116.05,,
-71.6,,4118.52,,
-414.81,,4111.11,,
-1377.78,,4116.05,,
-2439.51,,4118.52,,
451.85,,4118.52,,
0,,4118.52,,
83.95,,4120.99,,
560.49,,4123.46,,
1400,,4120.99,,
2362.96,,4118.52,,
2743.21,,4116.05,,
39.51,,4116.05,,
39.51,,4116.05,,
-150.62,,4118.52,,
-325.93,,4116.05,,
-1135.8,,4118.52,,
-2202.47,,4118.52,,
-2767.9,,4116.05,,
-150.62,,4118.52,,
-2.47,,4118.52,,
333.33,,4113.58,,
985.19,,4118.52,,
1874.07,,4116.05,,
2407.41,,4118.52,,
0,,4088.89,,
-14.81,,4093.83,,
-71.6,,4091.36,,
79.01,,4091.36,,
-395.06,,3849.38,,
-1520.99,,4118.52,,
-3101.23,,4120.99,,
-466.67,,4111.11,,
7.41,,4118.52,,
197.53,,4120.99,,
728.4,,4118.52,,
1775.31,,4116.05,,
2802.47,,4098.77,,
0,,4103.7,,
86.42,,4118.52,,
39.51,,4098.77,,
-32.1,,4098.77,,
-2.47,,4098.77,,
-716.05,,4096.3,,
-2083.95,,4098.77,,
-3377.78,,4120.99,,
-348.15,,4108.64,,
-86.42,,4116.05,,
506.17,,4116.05,,
1459.26,,4118.52,,
2362.96,,4118.52,,
2516.05,,4103.7,,
237.04,,4103.7,,
-150.62,,4103.7,,
-419.75,,4093.83,,
-476.54,,4064.2,,
-898.77,,4091.36,,
-1748.15,,4096.3,,
-1846.91,,4101.23,,
7.41,,4106.17,,
-71.6,,4096.3,,
-93.83,,4091.36,,
269.14,,4088.89,,
982.72,,4098.77,,
1992.59,,4101.23,,
2832.1,,4101.23,,
316.05,,4103.7,,
-71.6,,4096.3,,
-32.1,,4086.42,,
-12.35,,4113.58,,
-1570.37,,4118.52,,
-4266.67,,4101.23,,
7.41,,4106.17,,
79.01,,4113.58,,
79.01,,4108.64,,
718.52,,4007.41,,
2288.89,,4116.05,,
4116.05,,4101.23,,
237.04,,4098.77,,
39.51,,4101.23,,
-466.67,,4093.83,,
-995.06,,4098.77,,
-1254.32,,4116.05,,
-1254.32,,4101.23,,
-2320.99,,4096.3,,
7.41,,3800,,
158.02,,3802.47,,
641.98,,3918.52,,
1404.94,,4017.28,,
1874.07,,4101.23,,
1501.23,,4103.7,,
395.06,,4118.52,,
-111.11,,4120.99,,
-150.62,,4116.05,,
316.05,,4039.51,,
79.01,,4116.05,,
79.01,,4069.14,,
-271.6,,4113.58,,
-1481.48,,4046.91,,
-2844.44,,4098.77,,
-229.63,,4116.05,,
7.41,,4118.52,,
88.89,,4118.52,,
711.11,,4116.05,,
1933.33,,4118.52,,
3167.9,,4120.99,,
158.02,,4118.52,,
-93.83,,4113.58,,
-14.81,,4096.3,,
-12.35,,3841.98,,
-71.6,,4111.11,,
-1787.65,,4101.23,,
-3792.59,,4041.98,,
-150.62,,4120.99,,
-71.6,,4120.99,,
553.09,,4116.05,,
1893.83,,4116.05,,
3641.98,,4111.11,,
651.85,,4118.52,,
0,,4111.11,,
-503.7,,4111.11,,
-1155.56,,4116.05,,
-2044.44,,4096.3,,
-1414.81,,4116.05,,
7.41,,4113.58,,
-71.6,,4113.58,,
2.47,,4116.05,,
530.86,,4113.58,,
935.8,,4116.05,,
1261.73,,4120.99,,
1577.78,,4120.99,,
1143.21,,4120.99,,
256.79,,4120.99,,
-150.62,,4120.99,,
-71.6,,4120.99,,
-71.6,,4101.23,,
254.32,,4101.23,,
-150.62,,4101.23,,
-1195.06,,3990.12,,
-2202.47,,4074.07,,
-1296.3,,4101.23,,
7.41,,4113.58,,
158.02,,4101.23,,
762.96,,4037.04,,
1958.02,,4096.3,,
2792.59,,4101.23,,
0,,4096.3,,
-32.1,,4116.05,,
-71.6,,4108.64,,
-12.35,,4088.89,,
-71.6,,4044.44,,
39.51,,4093.83,,
-800,,4051.85,,
-2281.48,,4088.89,,
-3713.58,,4120.99,,
-71.6,,4120.99,,
79.01,,4096.3,,
19.75,,4101.23,,
158.02,,4098.77,,
530.86,,4098.77,,
1439.51,,4101.23,,
2125.93,,4098.77,,
2276.54,,4101.23,,
237.04,,4098.77,,
79.01,,4101.23,,
79.01,,4101.23,,
39.51,,4101.23,,
-71.6,,4101.23,,
-402.47,,4101.23,,
-918.52,,4096.3,,
-1254.32,,4101.23,,
-1195.06,,4098.77,,
-787.65,,4098.77,,
-333.33,,4098.77,,
-71.6,,4120.99,,
79.01,,4116.05,,
79.01,,4118.52,,
182.72,,4116.05,,
333.33,,4120.99,,
520.99,,4103.7,,
713.58,,4101.23,,
795.06,,4098.77,,
740.74,,4101.23,,
590.12,,4101.23,,
395.06,,4096.3,,
237.04,,4098.77,,
158.02,,4098.77,,
158.02,,4096.3,,
158.02,,4098.77,,
-71.6,,4098.77,,
-466.67,,4098.77,,
-893.83,,4098.77,,
-1116.05,,4101.23,,
-1034.57,,4098.77,,
-713.58,,4098.77,,
-150.62,,4101.23,,
241.98,,4101.23,,
343.21,,4098.77,,
511.11,,4098.77,,
745.68,,4096.3,,
948.15,,4091.36,,
1041.98,,4096.3,,
1012.35,,4091.36,,
790.12,,4091.36,,
79.01,,4093.83,,
-404.94,,4096.3,,
-659.26,,4093.83,,
-869.14,,4093.83,,
-898.77,,4096.3,,
-782.72,,4096.3,,
-592.59,,4096.3,,
-562.96,,4096.3,,
-624.69,,4096.3,,
-308.64,,4096.3,,
158.02,,4096.3,,
362.96,,4091.36,,
725.93,,4098.77,,
1083.95,,4098.77,,
1261.73,,4096.3,,
1382.72,,4096.3,,
1106.17,,4091.36,,
-158.02,,4096.3,,
-237.04,,4096.3,,
-387.65,,4096.3,,
-627.16,,4096.3,,
-861.73,,4098.77,,
-995.06,,4098.77,,
-977.78,,4098.77,,
-713.58,,4098.77,,
-246.91,,4096.3,,
254.32,,4093.83,,
609.88,,4096.3,,
745.68,,4096.3,,
723.46,,4096.3,,
585.19,,4096.3,,
395.06,,4096.3,,
197.53,,4096.3,,
39.51,,4096.3,,
-93.83,,4091.36,,
-150.62,,4098.77,,
-150.62,,4098.77,,
-150.62,,4096.3,,
-86.42,,4096.3,,
-83.95,,4093.83,,
-71.6,,4096.3,,
-71.6,,4096.3,,
-71.6,,4096.3,,
-71.6,,4096.3,,
-71.6,,4096.3,,
-71.6,,4096.3,,
-12.35,,4096.3,,
79.01,,4096.3,,
79.01,,4096.3,,
79.01,,4096.3,,
79.01,,4096.3,,
39.51,,4096.3,,
39.51,,4096.3,,
-12.35,,4096.3,,
-17.28,,4096.3,,
39.51,,4096.3,,
79.01,,4096.3,,
81.48,,4096.3,,
101.23,,4096.3,,
158.02,,4096.3,,
158.02,,4096.3,,
101.23,,4096.3,,
79.01,,4098.77,,
19.75,,4118.52,,
-71.6,,4101.23,,
-150.62,,4091.36,,
-150.62,,4096.3,,
-150.62,,4096.3,,
-71.6,,4093.83,,
79.01,,4093.83,,
172.84,,4111.11,,
271.6,,4096.3,,
395.06,,4096.3,,
483.95,,4093.83,,
518.52,,4096.3,,
320.99,,4098.77,,
-256.79,,4101.23,,
-977.78,,4098.77,,
-1925.93,,4098.77,,
-2474.07,,4098.77,,
7.41,,4096.3,,
254.32,,4096.3,,
906.17,,4098.77,,
2027.16,,4098.77,,
2743.21,,4101.23,,
79.01,,4098.77,,
-71.6,,4096.3,,
-12.35,,4096.3,,
-150.62,,4093.83,,
-466.67,,4096.3,,
-1037.04,,4096.3,,
-1530.86,,4096.3,,
-1570.37,,4096.3,,
-318.52,,4098.77,,
395.06,,4101.23,,
735.8,,4098.77,,
869.14,,4101.23,,
839.51,,4098.77,,
713.58,,4098.77,,
479.01,,4098.77,,
197.53,,4098.77,,
-71.6,,4098.77,,
-229.63,,4098.77,,
-308.64,,4118.52,,
-308.64,,4120.99,,
-254.32,,4116.05,,
-229.63,,4098.77,,
-150.62,,4098.77,,
-71.6,,4118.52,,
79.01,,4120.99,,
158.02,,4116.05,,
158.02,,4118.52,,
172.84,,4118.52,,
185.19,,4098.77,,
158.02,,4098.77,,
79.01,,4093.83,,
19.75,,4096.3,,
-71.6,,4118.52,,
-150.62,,4098.77,,
-150.62,,4098.77,,
-165.43,,4118.52,,
-158.02,,4096.3,,
-150.62,,4093.83,,
-91.36,,4093.83,,
-71.6,,4093.83,,
79.01,,4116.05,,
101.23,,4116.05,,
158.02,,4096.3,,
158.02,,4096.3,,
158.02,,4093.83,,
93.83,,4093.83,,
79.01,,4093.83,,
88.89,,4091.36,,
175.31,,4096.3,,
316.05,,4098.77,,
429.63,,4096.3,,
553.09,,4096.3,,
671.6,,4091.36,,
651.85,,4091.36,,
523.46,,4096.3,,
-158.02,,4120.99,,
-355.56,,4116.05,,
-977.78,,4098.77,,
-1530.86,,4116.05,,
-1846.91,,4098.77,,
195.06,,4096.3,,
-32.1,,4116.05,,
-12.35,,4098.77,,
158.02,,4101.23,,
530.86,,4101.23,,
1083.95,,4101.23,,
1577.78,,4098.77,,
1906.17,,4120.99,,
0,,4123.46,,
-150.62,,4101.23,,
79.01,,4096.3,,
-86.42,,4096.3,,
-256.79,,4098.77,,
-562.96,,4101.23,,
-977.78,,4098.77,,
-1362.96,,4098.77,,
-1471.6,,4098.77,,
-1076.54,,4098.77,,
244.44,,4098.77,,
491.36,,4101.23,,
711.11,,4101.23,,
869.14,,4098.77,,
948.15,,4101.23,,
886.42,,4101.23,,
723.46,,4103.7,,
501.23,,4101.23,,
244.44,,4096.3,,
-71.6,,4098.77,,
-237.04,,4098.77,,
-395.06,,4098.77,,
-639.51,,4098.77,,
-834.57,,4098.77,,
-940.74,,4098.77,,
-945.68,,4093.83,,
-743.21,,4096.3,,
-348.15,,4096.3,,
185.19,,4096.3,,
395.06,,4096.3,,
637.04,,4098.77,,
886.42,,4101.23,,
1140.74,,4098.77,,
1261.73,,4101.23,,
1261.73,,4101.23,,
-229.63,,4098.77,,
88.89,,4103.7,,
-155.56,,4101.23,,
-466.67,,4118.52,,
-977.78,,4120.99,,
-1560.49,,4113.58,,
-1960.49,,4116.05,,
7.41,,4113.58,,
-88.89,,4113.58,,
79.01,,4113.58,,
360.49,,4113.58,,
965.43,,4113.58,,
1795.06,,4116.05,,
2446.91,,4093.83,,
237.04,,4096.3,,
39.51,,4093.83,,
79.01,,4118.52,,
14.81,,4118.52,,
-325.93,,4118.52,,
-1195.06,,4116.05,,
-2725.93,,4116.05,,
7.41,,4111.11,,
39.51,,4116.05,,
101.23,,4111.11,,
158.02,,4111.11,,
982.72,,4096.3,,
2288.89,,4096.3,,
3325.93,,4113.58,,
79.01,,4113.58,,
158.02,,4111.11,,
0,,4113.58,,
19.75,,4118.52,,
-308.64,,4096.3,,
-1649.38,,4076.54,,
-4029.63,,4108.64,,
-150.62,,4081.48,,
-12.35,,4086.42,,
39.51,,4061.73,,
765.43,,4066.67,,
2130.86,,4044.44,,
3582.72,,4083.95,,
237.04,,4111.11,,
0,,4098.77,,
39.51,,4113.58,,
-71.6,,4093.83,,
-32.1,,4093.83,,
-355.56,,4088.89,,
-2281.48,,4091.36,,
-5056.79,,4098.77,,
-150.62,,4093.83,,
-12.35,,4116.05,,
118.52,,4118.52,,
1261.73,,4079.01,,
3148.15,,4116.05,,
0,,4116.05,,
39.51,,4116.05,,
-71.6,,4116.05,,
7.41,,4113.58,,
-32.1,,4116.05,,
-2.47,,4118.52,,
-703.7,,4118.52,,
-3140.74,,4116.05,,
372.84,,4116.05,,
79.01,,4096.3,,
39.51,,4093.83,,
39.51,,4116.05,,
316.05,,4113.58,,
1656.79,,4093.83,,
4027.16,,4096.3,,
325.93,,4098.77,,
79.01,,4098.77,,
39.51,,4096.3,,
19.75,,4093.83,,
39.51,,4096.3,,
-71.6,,4098.77,,
-1254.32,,4088.89,,
-4424.69,,4096.3,,
-150.62,,4096.3,,
-12.35,,4096.3,,
-2.47,,4096.3,,
158.02,,4093.83,,
906.17,,4096.3,,
2920.99,,4096.3,,
3407.41,,4096.3,,
158.02,,4096.3,,
-71.6,,4096.3,,
39.51,,4096.3,,
19.75,,4096.3,,
39.51,,4096.3,,
-879.01,,4096.3,,
-3437.04,,4096.3,,
-71.6,,4096.3,,
-7.41,,4093.83,,
-2.47,,4093.83,,
-2.47,,4096.3,,
330.86,,4086.42,,
1261.73,,4096.3,,
3009.88,,4096.3,,
0,,4098.77,,
-12.35,,4116.05,,
-32.1,,4111.11,,
39.51,,4096.3,,
-32.1,,4120.99,,
2.47,,4113.58,,
-553.09,,4091.36,,
-2202.47,,4096.3,,
-5056.79,,4101.23,,
-150.62,,4086.42,,
-12.35,,4088.89,,
39.51,,4096.3,,
237.04,,4093.83,,
846.91,,4098.77,,
2525.93,,4116.05,,
4432.1,,4116.05,,
158.02,,4118.52,,
39.51,,4098.77,,
-32.1,,4096.3,,
79.01,,4113.58,,
14.81,,4113.58,,
19.75,,4111.11,,
-582.72,,4116.05,,
-3091.36,,4116.05,,
-254.32,,4118.52,,
-32.1,,4116.05,,
-2.47,,4118.52,,
-2.47,,4101.23,,
96.3,,4098.77,,
767.9,,4096.3,,
2091.36,,4096.3,,
3958.02,,4093.83,,
316.05,,4096.3,,
79.01,,4098.77,,
39.51,,4101.23,,
39.51,,4098.77,,
-32.1,,4098.77,,
39.51,,4096.3,,
-229.63,,4079.01,,
-1530.86,,4088.89,,
-4237.04,,4086.42,,
-71.6,,4096.3,,
-12.35,,4096.3,,
39.51,,4093.83,,
39.51,,4093.83,,
251.85,,4098.77,,
797.53,,4098.77,,
2012.35,,4086.42,,
3424.69,,4116.05,,
474.07,,4096.3,,
158.02,,4096.3,,
-71.6,,4103.7,,
-2.47,,4054.32,,
39.51,,4101.23,,
-71.6,,4103.7,,
-800,,4108.64,,
-2725.93,,4106.17,,
-2530.86,,4091.36,,
-150.62,,4074.07,,
-12.35,,4088.89,,
39.51,,4096.3,,
239.51,,4093.83,,
720.99,,4098.77,,
1429.63,,4093.83,,
2288.89,,4081.48,,
1261.73,,4086.42,,
158.02,,4116.05,,
9.88,,4111.11,,
-32.1,,4116.05,,
-71.6,,4116.05,,
79.01,,4116.05,,
-264.2,,4118.52,,
-1195.06,,4118.52,,
-3022.22,,4116.05,,
-150.62,,4116.05,,
-71.6,,4113.58,,
-32.1,,4116.05,,
79.01,,4093.83,,
570.37,,4098.77,,
1182.72,,4096.3,,
1948.15,,4093.83,,
2486.42,,4096.3,,
355.56,,4096.3,,
79.01,,4098.77,,
39.51,,4116.05,,
39.51,,4113.58,,
-12.35,,4116.05,,
-71.6,,4116.05,,
-654.32,,4111.11,,
-1846.91,,4116.05,,
-3160.49,,4029.63,,
-782.72,,4103.7,,
7.41,,4083.95,,
79.01,,4111.11,,
237.04,,4106.17,,
720.99,,4111.11,,
1385.19,,4118.52,,
1992.59,,4116.05,,
2328.39,,4113.58,,
79.01,,4108.64,,
4.94,,4118.52,,
39.51,,4118.52,,
39.51,,4118.52,,
-32.1,,4118.52,,
-150.62,,4118.52,,
-562.96,,4116.05,,
-1688.89,,4111.11,,
-2972.84,,4116.05,,
-550.62,,4116.05,,
-71.6,,4118.52,,
39.51,,4116.05,,
479.01,,4113.58,,
1017.28,,4113.58,,
1577.78,,4113.58,,
2051.85,,4118.52,,
237.04,,4116.05,,
-98.77,,4108.64,,
-12.35,,4111.11,,
39.51,,4113.58,,
-71.6,,4113.58,,
-229.63,,4113.58,,
-637.04,,4096.3,,
-1422.22,,4103.7,,
-2143.21,,4103.7,,
609.88,,4088.89,,
158.02,,4091.36,,
-32.1,,4091.36,,
160.49,,4091.36,,
649.38,,4113.58,,
1192.59,,4108.64,,
1637.04,,4116.05,,
1814.81,,4116.05,,
0,,4106.17,,
237.04,,4098.77,,
0,,4106.17,,
-71.6,,4074.07,,
-167.9,,4093.83,,
-471.6,,4096.3,,
-861.73,,4113.58,,
-1387.65,,4111.11,,
-1846.91,,4116.05,,
402.47,,4113.58,,
-83.95,,4116.05,,
237.04,,4113.58,,
711.11,,4113.58,,
1143.21,,4118.52,,
1518.52,,4116.05,,
1669.14,,4113.58,,
948.15,,4116.05,,
0,,4116.05,,
-165.43,,4116.05,,
-234.57,,4116.05,,
-313.58,,4108.64,,
-661.73,,4118.52,,
-1427.16,,4120.99,,
-2039.51,,4118.52,,
274.07,,4098.77,,
39.51,,4120.99,,
158.02,,4111.11,,
395.06,,4096.3,,
807.41,,4091.36,,
1192.59,,4096.3,,
1508.64,,4096.3,,
1577.78,,4116.05,,
0,,4116.05,,
79.01,,4118.52,,
39.51,,4120.99,,
-150.62,,4118.52,,
-333.33,,4120.99,,
-562.96,,4120.99,,
-755.56,,4116.05,,
-918.52,,4118.52,,
-997.53,,4120.99,,
-876.54,,4118.52,,
-520.99,,4116.05,,
-32.1,,4118.52,,
427.16,,4118.52,,
637.04,,4116.05,,
681.48,,4118.52,,
632.1,,4101.23,,
491.36,,4098.77,,
365.43,,4098.77,,
239.51,,4098.77,,
158.02,,4093.83,,
0,,4086.42,,
-150.62,,4113.58,,
-229.63,,4116.05,,
-308.64,,4118.52,,
-308.64,,4120.99,,
-229.63,,4120.99,,
-150.62,,4120.99,,
79.01,,4120.99,,
192.59,,4118.52,,
244.44,,4120.99,,
237.04,,4120.99,,
158.02,,4098.77,,
-32.1,,4098.77,,
-150.62,,4096.3,,
-237.04,,4118.52,,
-271.6,,4118.52,,
-229.63,,4116.05,,
-150.62,,4118.52,,
79.01,,4103.7,,
239.51,,4111.11,,
365.43,,4116.05,,
483.95,,4116.05,,
570.37,,4118.52,,
632.1,,4118.52,,
553.09,,4116.05,,
333.33,,4118.52,,
19.75,,4116.05,,
-323.46,,4118.52,,
-545.68,,4120.99,,
-758.02,,4116.05,,
-879.01,,4108.64,,
-918.52,,4120.99,,
-861.73,,4118.52,,
-624.69,,4116.05,,
175.31,,4116.05,,
491.36,,4098.77,,
740.74,,4118.52,,
903.7,,4091.36,,
1012.35,,4106.17,,
1106.17,,4083.95,,
1064.2,,4086.42,,
876.54,,4113.58,,
0,,4116.05,,
-12.35,,4116.05,,
-150.62,,4118.52,,
-276.54,,4116.05,,
-513.58,,4106.17,,
-879.01,,4101.23,,
-1254.32,,4088.89,,
-1530.86,,4106.17,,
-1493.83,,4113.58,,
7.41,,4116.05,,
79.01,,4118.52,,
254.32,,4101.23,,
570.37,,4101.23,,
1004.94,,4098.77,,
1422.22,,4118.52,,
1738.27,,4098.77,,
1738.27,,4120.99,,
316.05,,4096.3,,
-71.6,,4093.83,,
-32.1,,4116.05,,
-71.6,,4120.99,,
-483.95,,4116.05,,
-1175.31,,4111.11,,
-2083.95,,4113.58,,
-2735.8,,4113.58,,
-229.63,,4118.52,,
-32.1,,4120.99,,
158.02,,4120.99,,
797.53,,4118.52,,
1656.79,,4118.52,,
2367.9,,4120.99,,
0,,4118.52,,
-71.6,,4101.23,,
-71.6,,4118.52,,
-7.41,,4120.99,,
-14.81,,4120.99,,
-167.9,,4116.05,,
-948.15,,4096.3,,
-2202.47,,4116.05,,
-3160.49,,4113.58,,
-229.63,,4118.52,,
-71.6,,4116.05,,
83.95,,4098.77,,
649.38,,4096.3,,
1429.63,,4120.99,,
2209.88,,4106.17,,
2713.58,,4066.67,,
158.02,,4118.52,,
9.88,,4120.99,,
14.81,,4106.17,,
-32.1,,4111.11,,
-150.62,,4116.05,,
-819.75,,4096.3,,
-2024.69,,4096.3,,
-2943.21,,4096.3,,
7.41,,4098.77,,
19.75,,4101.23,,
79.01,,4086.42,,
325.93,,4113.58,,
906.17,,4079.01,,
1656.79,,4069.14,,
2209.88,,4120.99,,
197.53,,4101.23,,
-158.02,,4096.3,,
7.41,,4091.36,,
-32.1,,4079.01,,
-32.1,,4098.77,,
-177.78,,4086.42,,
-879.01,,4091.36,,
-2143.21,,4093.83,,
-3101.23,,4093.83,,
-150.62,,4093.83,,
79.01,,4096.3,,
158.02,,4069.14,,
553.09,,4069.14,,
1222.22,,4059.26,,
1972.84,,4083.95,,
2446.91,,4027.16,,
316.05,,4088.89,,
0,,4098.77,,
79.01,,4098.77,,
79.01,,4096.3,,
-32.1,,4096.3,,
-158.02,,4096.3,,
-819.75,,4096.3,,
-2202.47,,4098.77,,
-3318.52,,4118.52,,
-328.4,,4120.99,,
-32.1,,4120.99,,
158.02,,4120.99,,
661.73,,4116.05,,
1222.22,,4118.52,,
1834.57,,4118.52,,
2367.9,,4120.99,,
335.8,,4118.52,,
79.01,,4116.05,,
39.51,,4093.83,,
39.51,,4096.3,,
-12.35,,4086.42,,
-266.67,,4037.04,,
-1076.54,,4081.48,,
-2479.01,,4086.42,,
669.14,,4113.58,,
79.01,,4113.58,,
-32.1,,4091.36,,
96.3,,4096.3,,
590.12,,4096.3,,
1162.96,,4113.58,,
1812.35,,4118.52,,
2288.89,,4113.58,,
79.01,,4111.11,,
-32.1,,4116.05,,
-71.6,,4106.17,,
-7.41,,4116.05,,
-12.35,,4113.58,,
-32.1,,4093.83,,
-387.65,,4116.05,,
-1254.32,,4111.11,,
-2814.81,,4096.3,,
7.41,,4118.52,,
79.01,,4098.77,,
-32.1,,4116.05,,
79.01,,4098.77,,
474.07,,4096.3,,
977.78,,4096.3,,
1548.15,,4096.3,,
1997.53,,4098.77,,
2051.85,,4096.3,,
474.07,,4096.3,,
39.51,,4096.3,,
-32.1,,4086.42,,
-12.35,,4106.17,,
-71.6,,4108.64,,
-335.8,,4111.11,,
-839.51,,4111.11,,
-1688.89,,4111.11,,
-2400,,4111.11,,
-150.62,,4108.64,,
-32.1,,4111.11,,
158.02,,4111.11,,
501.23,,4108.64,,
827.16,,4108.64,,
1081.48,,4108.64,,
1222.22,,4106.17,,
1261.73,,4113.58,,
1143.21,,4113.58,,
0,,4088.89,,
-32.1,,4093.83,,
-96.3,,4091.36,,
-229.63,,4093.83,,
-387.65,,4091.36,,
-577.78,,4093.83,,
-955.56,,4120.99,,
-1414.81,,4118.52,,
-1560.49,,4118.52,,
244.44,,4118.52,,
101.23,,4120.99,,
333.33,,4116.05,,
632.1,,4118.52,,
869.14,,4120.99,,
1044.44,,4120.99,,
1200,,4120.99,,
1202.47,,4116.05,,
1012.35,,4118.52,,
79.01,,4118.52,,
158.02,,4118.52,,
-74.07,,4120.99,,
-158.02,,4120.99,,
-323.46,,4120.99,,
-720.99,,4120.99,,
-1501.23,,4101.23,,
-2123.46,,4096.3,,
323.46,,4098.77,,
-229.63,,4101.23,,
283.95,,4096.3,,
758.02,,4116.05,,
1177.78,,4118.52,,
1503.7,,4101.23,,
1656.79,,4118.52,,
237.04,,4116.05,,
237.04,,4116.05,,
-93.83,,4118.52,,
-190.12,,4101.23,,
-387.65,,4093.83,,
-879.01,,4086.42,,
-1748.15,,4096.3,,
-2400,,4088.89,,
-466.67,,4096.3,,
-150.62,,4091.36,,
96.3,,4093.83,,
797.53,,4096.3,,
1469.14,,4088.89,,
2041.98,,4096.3,,
2209.88,,4091.36,,
316.05,,4093.83,,
39.51,,4093.83,,
79.01,,4093.83,,
9.88,,4096.3,,
-86.42,,4093.83,,
-276.54,,4093.83,,
-792.59,,4091.36,,
-1797.53,,4093.83,,
