Experimental data,,,,Theoritical data,,0,2048,,
-5,10,,,-5,0,5,4073,,0.00244140625
-4.998,11,,,5,4095,,,,
-4.996,12,,,,,,,,
-4.994,13,,,,,,,,
-4.002,419,418,,,,,,,
-4,420,419,,,,,,,
-3.998,420,421,,,,,,,
-3.002,829,828,,,,,,,
-3,830,829,-,,,,,,
-2.998,830,831,-,,,,,,
-2.002,1241,1242,-,,,,,,
-2,1242,1243,,,,,,,
-1.998,1243,1244,,,,,,,
-1.002,1651,1650,-,,,,,,
-1,1651,1652,,,,,,,
-0.998,1652,1653,,,,,,,
-0.002,2056,5255,-,,,,,,
0,2057,2056,-,,,,,,
0.002,2057,2058,,,,,,,
0.998,2465,2466,2464,,,,,,
1,2466,2465,,,,,,,
1.002,2467,2466,-,,,,,,
1.998,2874,2875,-,,,,,,
2,2875,2876,2874,,,,,,
2.002,2876,2875,,,,,,,
2.998,3286,2385,,,,,,,
3,3287,3286,-,,,,,,
3.002,3288,3287,,,,,,,
3.998,3695,3696,,,,,,,
4,3696,3697,,,,,,,
4.002,3697,3698,,,,,,,
4.981,4098,mid tran,,,,,,,
,,,,,,,,,
,,,,,,,,,
,,,,,,,,,
,,,,,,,,,
4980,4098,low tran,,,,,,,
4.981,4098,mid tran,,,,,,,
4.982,4098,high tran,,,,,,,
4.984,4099,starting,,,,,,,
4.998,4099,,,,,,,,
5,4099,,,,,,,,
