Name,measured,Ideal,,,tolerence (%),STAGE,CONNECTION (PIN),COMMENTS,,,
R1,0.984k,1K,1000,984,1.6,PREAMPLIFIER,Vin+ TO 2,GAIN,CALCULATED,-9.9390243902439,
R2,0.984k,1K,1000,984,1.6,PREAMPLIFIER,Vin- TO 3,,MEASURED,-9.94617765138001,
R3,9.78K,10K,10000,9780,2.2,PREAMPLIFIER,2 TO 1,OUTPUT AT PIN 1,,,
R4,9.78K,10K,10000,9780,2.2,PREAMPLIFIER,3 TO GND,FREE PINS 5 TO 7,,,
C1,,100n,,,,PREAMPLIFIER,8 TO GND,,,,
C2,,100n,,,,PREAMPLIFIER,4 TO GND,,,,
,,,,,4,,,,,,
RLPF1,8.26K,8.2K,8200,8260,0.731707317073171,LOW-PASS-FILTER,INPUT TO X,GAIN,,1,
RLPF2,14.92K,15K,15000,14920,0.533333333333333,LOW-PASS-FILTER,X TO 3,FLPF (Hz),CALCULATED,966.572324524749,
CLPF1,,22n,,0.000000022,,LOW-PASS-FILTER,X TO 6,,MEASURED,1.025k,1025
CLPF2,,10n,,0.00000001,,LOW-PASS-FILTER,3 TO GND,OUTPUT AT PIN 6,,,
C3,,100n,,,,LOW-PASS-FILTER,7 TO GND,"FREE PINS 1, 5 & 8",,,
C4,,100n,,,,LOW-PASS-FILTER,4 TO GND,,,,
,,,,,,,,,,,
RGCref,9.8K,10K,10000,9800,2,GAIN CONTROL,2 TO GND,GAIN,,,
RGC1,99.6K,100K,100000,99600,0.4,GAIN CONTROL,2 TO 6,OPTION,CALCULATED,MEASURED,
RGC2,683K,680K,680000,683000,0.441176470588235,GAIN CONTROL,2 TO 6,GC1,10.1632653061225,10.8473873650192,
RGC3,.998M,1M,1000000,998000,0.2,GAIN CONTROL,2 TO 6,GC2,69.6938775510204,70.6531003037128,
RGC4,1.995M,2.2M,2200000,1995000,9.31818181818182,GAIN CONTROL,2 TO 6,GC3,101.836734693878,102.894518298331,
C5,,100n,,,,GAIN CONTROL,7 TO GND,GC4,203.571428571429,205.326419024633,
C6,,100n,,,,GAIN CONTROL,4 TO GND,OUTPUT AT PIN 6,,,
,,,,,,,,"FREE PINS 1, 5 & 8",,,
,,,,,,,,,,,
RHPF,9.77K,10K,10000,9770,2.3,HIGH-PASS FILTER,,FHPF (Hz),CALCULATED,3.46599322920567,
CHPF,,4.7u,,0.0000047,,HIGH-PASS FILTER,,,MEASURED,3.876,
,,,,,,,,,,,
R5,9.76K,10K,10000,9760,2.4,CLIPPER,,TOTAL BW,CALCULATED,963.106331295543,
R6,,100,100,99.7,0.299999999999997,CLIPPER,,,MEASURED,1021.124,
R7,,10,10,10.2,1.99999999999999,CLIPPER,,TOTAL GAIN,,,
C7,,10n,,,,CLIPPER,,MINIMUM,,-101.012941762071,
,,,,,,,,MAXIMUM,,-2023.30139372822,
,Possible options for Gain control stage,,,,,,,MAXIMUM INPUT,,,24.7493039643236
,#,R1,R2,R3,R4,Req,Gain,IDEAL MAXIMUM,,24.749 mV,1.23560434829405
,1,0,0,0,0,-,-,IDEAL MINIMUM,,1.236  mV,
,2,1,0,0,0,100000,11,,,,
,3,0,1,0,0,680000,69,,,,
,4,1,1,0,0,87179.4871794872,9.71794871794872,,,,
,5,0,0,1,0,1000000,101,,,,
,6,1,0,1,0,90909.0909090909,10.0909090909091,,,,
,7,0,1,1,0,404761.904761905,41.4761904761905,,,,
,8,1,1,1,0,80188.679245283,9.0188679245283,,,,
,9,0,0,0,1,2200000,221,,,,
,10,1,0,0,1,95652.1739130435,10.5652173913043,,,,
,11,0,1,0,1,519444.444444444,52.9444444444444,,,,
,12,1,1,0,1,83856.5022421525,9.38565022421525,,,,
,13,0,0,1,1,687500,69.75,,,,
,14,1,0,1,1,87301.5873015873,9.73015873015873,,,,
,15,0,1,1,1,341864.716636197,35.1864716636198,,,,
,16,1,1,1,1,77368.6388084402,8.73686388084402,,,,
